{
    "test_main_ap": 0.7438632513358068,
    "test_subparts_ap": 0.4156487280992875,
    "test_recall": 0.8037974683544303,
    "test_false_positives": 65
}