{
    "step": 2999,
    "val_main_ap": 0.8501775370478435,
    "val_subparts_ap": 0.632892371326641
}