{
    "step": 5,
    "loss": 0.06701229512691498,
    "subparts_output_loss": 0.03593182563781738,
    "main_output_loss": 0.031080471351742744,
    "val_loss": 0.03975307568907738,
    "val_subparts_output_loss": 0.027799217030405998,
    "val_main_output_loss": 0.011953863315284252
}