{
    "step": 99,
    "val_main_ap": 0.7224544988001874,
    "val_subparts_ap": 0.4145008693285375
}