{
    "step": 99,
    "train_main_ap": 0.7656156565963546,
    "train_subparts_ap": 0.47211601544255444,
    "val_main_ap": 0.687922334252723,
    "val_subparts_ap": 0.44167173954343886,
    "test_main_ap": 0.7098512557893968,
    "test_subparts_ap": 0.4194828750161719
}